dni,nombres,fecha_nacimiento,discapacidad,ninios,email,telefono,monto
74718049,Gabe Gowrich,27/05/1993,true,0,ggowrich0@behance.net,954308904,2167
47224008,Breena Cregin,20/08/1957,true,2,bcregin1@ning.com,913278155,5910
37224696,Virginia Grigoriev,16/09/1944,true,0,vgrigoriev2@geocities.com,902231743,8353
94859118,Marielle Heugh,12/12/1934,true,1,mheugh3@nasa.gov,980533531,6584
48831379,Kurtis Tift,28/12/1984,false,0,ktift4@google.nl,936826963,341
44095124,Aurlie Jagiela,05/10/1925,true,1,ajagiela5@cmu.edu,934299901,159
81969939,Terra Eary,20/07/1979,false,1,teary6@plala.or.jp,927587465,8452
88792193,Hailee Bartlam,29/10/1985,false,1,hbartlam7@etsy.com,914986402,5085
73733810,Emmit Mikalski,18/03/1971,false,0,emikalski8@yahoo.co.jp,994240321,7596
11084999,Sergent Scholey,12/09/1995,true,0,sscholey9@google.com.br,931385099,4897
76348481,Meggy Bernot,23/01/1966,false,0,mbernota@zimbio.com,983311246,4623
68688941,Ebenezer Martindale,18/03/1956,true,0,emartindaleb@ucsd.edu,946697781,7621
13334898,Eugen Stoodley,23/04/1979,false,0,estoodleyc@microsoft.com,935856749,6755
97730939,Natalya Slimmon,17/07/1953,false,2,nslimmond@rambler.ru,944896756,1617
42992894,Valry Leggitt,22/10/1988,true,0,vleggitte@earthlink.net,916010697,8494
95723716,Tootsie Arendt,16/11/1986,true,1,tarendtf@walmart.com,917140523,238
44265626,Gaile Calloway,29/10/1962,false,1,gcallowayg@chronoengine.com,953763731,9638
13283186,Wyn Irons,29/09/1944,true,1,wironsh@seesaa.net,985670092,9107
91663630,Lorne Uwins,18/03/1956,true,0,luwinsi@examiner.com,953865568,5632
70278905,Adella Trenholm,21/09/1959,false,0,atrenholmj@chron.com,984908098,7669
20854433,Maris Epsley,03/03/1923,false,9,mepsleyk@jimdo.com,963302452,426
20033687,Pearle Munks,03/07/1967,false,9,pmunksl@ow.ly,930707312,545
84763310,Mona De Bruyn,04/01/1982,false,9,mdem@cmu.edu,983146921,6910
95979776,Kelbee Sandels,02/03/1994,true,9,ksandelsn@example.com,963886991,7412
86967262,Enrika Yellowlea,14/05/1978,false,0,eyellowleao@theglobeandmail.com,975279654,4319
30508008,Manon Jindacek,28/02/1941,false,0,mjindacekp@so-net.ne.jp,935416013,4426
32200196,Chick Julien,08/04/1939,false,0,cjulienq@marriott.com,939141164,4133
76306751,Tildie Plaskitt,31/03/1992,false,9,tplaskittr@imdb.com,991237220,4104
59969662,Antonia Gobat,18/02/1954,false,0,agobats@miitbeian.gov.cn,942475717,315
48023234,Maxie Mathon,30/11/1925,true,9,mmathont@tuttocitta.it,919886540,8083
19805251,Codee Idle,30/04/1965,false,0,cidleu@csmonitor.com,958962587,641
13583665,Tabbie Hussell,19/07/1973,true,0,thussellv@infoseek.co.jp,975801016,2557
85694132,Cally Sneller,11/09/1961,true,0,csnellerw@bloomberg.com,932889456,7246
17345217,Jessamine Rentelll,14/01/1996,false,9,jrentelllx@wikipedia.org,918427010,6876
34763247,Broderic Lissandre,09/08/1926,false,0,blissandrey@state.gov,999192976,7395
69452472,Casandra Mulvy,01/05/1998,true,0,cmulvyz@abc.net.au,978872041,8624
65368430,Toby Ranshaw,22/06/1933,false,9,transhaw10@google.cn,944913175,6972
23355644,Theodoric Sextone,14/01/1977,false,0,tsextone11@blogspot.com,971003507,3295
99139608,Cissiee How,27/12/1958,false,9,chow12@fema.gov,908139522,3002
21598494,Wilfred Quemby,23/12/1953,true,9,wquemby13@cam.ac.uk,950983986,382
71167404,Kaine Teese,21/11/2001,false,0,kteese14@wordpress.org,945308705,1842
97414291,Noel Wooffitt,02/05/1941,false,9,nwooffitt15@prweb.com,979223820,1805
79250213,Miles Durn,26/04/1944,false,9,mdurn16@patch.com,901490816,4870
81346248,Karine Mariolle,16/07/1972,true,9,kmariolle17@last.fm,980176155,7912
25351452,Mirelle Durrad,24/10/1957,false,0,mdurrad18@mail.ru,987348568,8245
33175989,Mathew Files,30/12/1970,true,0,mfiles19@typepad.com,942592829,8644
25302953,Maxy Davidovic,21/04/1921,true,0,mdavidovic1a@w3.org,957958669,8805
97434707,Dorette Sivyer,21/12/1928,false,9,dsivyer1b@scientificamerican.com,931835247,9703
18881482,Vanni Di Dello,08/06/1963,false,9,vdi1c@nbcnews.com,978349536,1867
87733269,Lanette Duck,02/10/1983,false,0,lduck1d@dedecms.com,901158770,3442
10595674,Bobbie Harkins,17/07/1971,false,0,bharkins1e@tinypic.com,989440558,9616
91042688,Dorice Sauter,25/09/1986,true,0,dsauter1f@yahoo.co.jp,967253375,7639
33531177,Margaretha Bolgar,30/10/1976,false,0,mbolgar1g@a8.net,963790853,2529
31475296,Talya Sirey,28/04/1970,false,0,tsirey1h@discovery.com,983815462,8684
28181035,Benedict Kembley,29/09/1920,false,0,bkembley1i@studiopress.com,917396556,2332
77667095,Niven Mitham,24/08/1980,false,9,nmitham1j@lulu.com,958591744,603
75650060,Noelani Croson,11/05/1949,true,0,ncroson1k@buzzfeed.com,943290556,7057
24000581,Viviyan O'Curran,07/05/1978,true,9,vocurran1l@mac.com,982765921,7347
24868234,Marsiella Hindenburg,09/09/1928,true,0,mhindenburg1m@exblog.jp,976262127,4659
95147031,Fabio Dikels,25/07/1924,true,0,fdikels1n@squidoo.com,979031934,7498
19626891,Joleen Aish,01/06/1992,true,0,jaish1o@buzzfeed.com,938186608,3767
96420592,Stuart Lightfoot,25/10/1973,false,0,slightfoot1p@abc.net.au,953833917,8994
26967276,Holly Verity,12/07/1946,true,9,hverity1q@mashable.com,926001919,7190
78354985,Melly Slimmon,21/03/1935,true,9,mslimmon1r@google.ca,978246256,1729
29481717,Windy Collen,10/12/1998,true,0,wcollen1s@skyrock.com,935379423,9430
22966173,Giffy Aves,10/09/1981,true,9,gaves1t@ucsd.edu,906953531,4747
49160690,Victoria Mertgen,05/10/1940,false,0,vmertgen1u@angelfire.com,968150531,9426
19887486,Lonnie Boyd,16/03/1932,true,0,lboyd1v@wordpress.org,944034768,6236
34552961,Jeramey Maior,15/04/1972,true,9,jmaior1w@geocities.jp,922060533,8578
38003357,Karlotta Blogg,25/04/1952,true,9,kblogg1x@rambler.ru,998174258,3617
15201740,Vina Billett,25/02/1942,true,9,vbillett1y@wordpress.com,932355384,4311
32751599,Peggie Foley,08/10/1988,false,0,pfoley1z@furl.net,925712472,9606
53551512,Courtenay O'Cahsedy,30/10/1956,false,9,cocahsedy20@studiopress.com,936794581,2495
14531339,Ashton Cullon,09/07/1932,false,9,acullon21@woothemes.com,914384335,2549
29113552,Mollie Sharples,08/10/1998,true,0,msharples22@samsung.com,959726633,7053
49651888,Odelia Mardy,20/06/1997,true,9,omardy23@ftc.gov,992048640,5118
33780651,Briney Easbie,19/12/1969,true,9,beasbie24@patch.com,989872694,5800
78351977,Marcellus Garment,24/11/1965,true,9,mgarment25@wikia.com,953148152,9375
69425379,Nicolas Hearfield,17/03/1943,true,0,nhearfield26@nps.gov,984185763,8496
36989861,Marty Dran,25/03/2002,false,0,mdran27@wikia.com,920249105,2985
66226774,Eileen Barense,30/01/1985,false,0,ebarense28@senate.gov,909124999,4782
85134874,Deloris Shephard,10/10/1943,true,0,dshephard29@un.org,935054494,7611
16614179,Slade Patterson,22/04/1940,false,0,spatterson2a@mapquest.com,959638764,5736
76524999,Venita Portwain,20/04/1971,false,0,vportwain2b@barnesandnoble.com,987709978,5858
49739065,Kai Tolossi,19/05/1946,true,0,ktolossi2c@dailymotion.com,927349341,6929
76437451,Hastie Bouller,12/09/1986,true,0,hbouller2d@123-reg.co.uk,998941500,4464
64227811,Benyamin Pyvis,22/11/1930,false,9,bpyvis2e@unesco.org,941043209,4277
11803358,Nalani Janek,06/08/1973,true,0,njanek2f@google.it,960049332,2161
70402790,Tommi Lovering,26/03/1971,false,0,tlovering2g@drupal.org,917112870,4445
84631742,Kiersten Raoux,18/05/1980,false,0,kraoux2h@freewebs.com,939959751,5898
28861981,Corney Succamore,23/10/1985,true,0,csuccamore2i@intel.com,937062695,4874
84727280,Shannan Ridd,29/09/1966,true,9,sridd2j@cdbaby.com,974849045,1295
92329226,Devin Feige,20/10/1991,false,9,dfeige2k@nationalgeographic.com,984378997,6452
77473233,Drusy Simla,24/11/1927,true,9,dsimla2l@google.nl,963784131,2458
59775901,Angy Bagshawe,28/11/1995,true,0,abagshawe2m@nbcnews.com,937480480,8234
27721508,Kylynn Willgrass,22/01/1988,true,9,kwillgrass2n@indiatimes.com,957111693,5331
95413013,Jimmie Townsend,02/11/1935,false,0,jtownsend2o@google.nl,995029815,6247
37450128,Flor Woodcraft,19/05/1961,false,9,fwoodcraft2p@theglobeandmail.com,902561680,5982
58229543,Chase Spall,11/12/1985,true,9,cspall2q@jimdo.com,965817072,553
91363809,Stacee Walsham,02/04/1958,false,9,swalsham2r@google.com.au,949673891,6762
